,,,Yellow Indicate-No Billing,,,,,,,,,,,,,,,,
"Sr. 
No",Date,Sales Exe.,Dealer Name & Address,"Rec. 
Adhar Card","Rec. 
Pan Card","Security
 Chq","Security Chq
No.","Fill Dealer 
form","Order Put/
Not","Rec in Office
(Entry By Acc.)",Put in File,Comp (Y/),Date,Follow up,,,Security Chq Pending,,
1,9-6-2021,Sumeet Sir,Upadhyay Elc. Saharanpur,Y,Y,Y,closed party,Y,Y,Rec. (17-7-21),Y,,,,,,T L,Sales Exe.,Party Name & Address
2,14-6-2021,Deepak Sir,Suraj Trading Sampla,Y,Y,Y,"000098,000099,000100 (phy.)",Y,Y,Y (26-7-21),Y,,,,,,Kaushal Sir,Arun Sir,Sawariya Traders Mahendergarh
3,14-6-2021,Akash Sir,Ravi Battery Works Aurangabd,Y,Y,Y,cheque nhi milege (18.9.24),Y,Y,Y (26-7-21),Y,,,,,,Kaushal Sir,Arun Sir,Archana Elc. Nangal Choudhary
4,24-6-2021,Sumeet Sir,Baba Battery Saharanpur,Y,N,Y,"787448,787438,787449 (phy.)",Y,Y,Rec. (17-7-21),Y,,,Party se puch k btayege,,,Kaushal Sir,Arun Sir,Aggarwl Trading Comp. Narnaul
5,24-6-2021,Akash Sir,Bhawani Shankar Muni,,,,959879 (phy.),Y,Y,Y (28-2-21),Y,,,party closed,,,Kaushal Sir,Deepak Sir,Mahadev Sampla
6,24-6-2021,Akash Sir,Nice Battery Daulatpur,,,,"453266,453267 (phy.)",Y,Y,Y (28-2-21),Y,,,,,,Kaushal Sir,Prem Sir,V-Tek System Ballabgarh
7,24-6-2021,Chander Sir,Shiva Elc. Sirsa,Y,Y,Y,"049718, 049719 (phy.)",Y,Y,Y (2-8-21),Y,,,Party closed,,,Kaushal Sir,Ravinder Sir,Deep Trading Neoli Kalan
8,25-6-2021,Deepak Sir,Friends Trading  Rohtak,Y,Y,N/approve by sunil sir,,Y,Y,Y (26-7-21),Y,chq n h,,under distributer,,,Kaushal Sir,Ravinder Sir,Raju Inv. Gohana
9,26-6-2021,Sumeet Sir,Kamboj Elc. Mirapur,N,N,N,,N,Y,,,sep. last m,,Next week,,,Kaushal Sir,Rajesh Sir,Pardeep Ent. Kosli
10,30-6-2021,Anwar Sir,Om Sai Ent. Julana,Y,Y,Y,party closed,Y,Y,Y (12-7-21),Y,,,,,,Kaushal Sir,Rajesh Sir,Mayank Inv. Bikaner
11,30-6-2021,Deepak Sir,Phogat Battery Bhalout,Y,Y,10 k rec. advance Aprove by sunil Sir,,Y,Y,Y (26-7-21),Y,chq n h,,cash ki party,,,Sonu Sir,Sumeet Sir,Ujala Rep. Centre Muzz
12,30-6-2021,Kaushal Sir,Bala Ji Traders Churu,N,N,N,,N,Y (Not Rec.),Not,Not,Order Not Disptch,,party closed,,,Sonu Sir,Sumeet Sir,Technocool Elc. And Ref. Seohara
13,5-7-2021,Anwar Sir,Shiv Elc. Works Pilukhera,Y,Y,Y,"712843,712844,321972,321971,321973(phy.)",Y,Y,Y (9-7-21),Y,,,party closed,,,Sonu Sir,Sumeet Sir,M/S Puran Kirpa Traders Muzz
14,6-7-2021,Deepak Sir,Shree Shyam Ji Inv. Rohtak,Y,Y,Y,000002,Y,Y,Y (26-7-21),Y,,,party closed,,,Sonu Sir,Manoj Sir M,"Diamond Battery House,Meerut"
15,6-7-2021,Anwar Sir,Vijay Battery House Julana,Y,Y,N,Prty closed with us,Y,Y,Y (9-7-21),Y,chq n hai,,What'sapp detail bhej di btadege,,,Sonu Sir,Akash Sir,Royal Battery Rabupura
16,6-7-2021,Sumeet Sir,Chaudhary Battery Sisoli (NBD),Y,Y,Y,"026902, 026903, 026904 (phy.)",Y,Y,Rec. (17-7-21),Y,,,,,,Sonu Sir,Akash Sir,Ravi Battery Works Aurangabd
17,10-7-2021,Anil Sir,R.P. Trading Company Khanak,Y,Y,Y,733042,Y,Y,Y (26-7-21),Y,,,,,,Sonu Sir,Akash Sir,Sheeba Battery Chaundausi
18,12-7-2021,Anwar Sir,Garima Elcs. Jind,Y,Y,Y,"152888,152889 (phy.)",Y,Y,Y (21-7-21),Y,,,,,,Sonu Sir,Sumeet Sir,Kamboj Elc. Mirapur
19,20-7-2021,Ravinder Sir,Additi Elc. Meham,Y,Y,Y,,Y,Y,Y (26-7-21),Y,chq n hai,,,,,,,
20,22-7-2021,Anwar Sir,Buaniwal Ent. Jind (NBD),Y,N,N,party closed,Y,Y,Y (26-7-21),Y,chq n hai,,What'sapp detail bhej di btadege,,,,,
21,22-7-2021,Anil Sir,Shri Ram Elc. Bahal,Y,Y,Y,000001,Y,Y,Y (26-7-21),Y,,,,,,,,
22,26-7-2021,Akash Sir,D.K. Ent. Khanpur,Y,Y,,,Y,Y,Y (28-8-21),Y,,,,,,,,
23,26-7-2021,Anwar Sir,Yadav Battery House Khema Keri,Y,Y,N,party closed,Y,Y,Y (26-7-21),Y,chq n hai,,What'sapp detail bhej di btadege,,,,,
24,27-7-2021,Akash Sir,R.K. Battery Bulandshahr,Y,Y,,,Y,Y,Y (28-8-21),Y,,,,,,,,
25,27-7-2021,Anil Sir,Kissan Battery Bound,Y,Y,Y,000001,Y,Y,Y (16-8-21),Y,,,,,,,,
26,27-7-2021,Neeraj Sir,A.S.D Ent. Meerut,Y,Y,Party Close,"648641,648642,648643 (phy.)",Y,Y,(Shop close Party cancle),,,,,,,,,
27,28-7-2021,Akash Sir,Shiv Trading Com. Galouthi,Y,Y,,,Y,Y,Y (28-8-21),Y,,,,,,,,
28,28-7-2021,Akash Sir,Rafat Ent. Moradabad,Y,Y,,closed party,Y,Y,Rec. (28-8-21),Y,,,,,,,,
29,28-7-2021,Akash Sir,Sheeba Battery Chaundausi,Y,Y,,closed party,Y,Y,Rec. (28-8-21),Y,,,,,,,,
30,28-7-2021,Akash Sir,Siya Ram & Sons Bulandshahr,Y,Y,,closed party,Y,Y,Rec. (28-8-21),Y,,,,,,,,
31,28-7-2021,Chander Sir,Vishwkarma Auto Sirsa (badaguda),Y,Y,chq dene se mna kar da,,Y,Y,Y (2-8-21),Y,chq n hai,,chq dene se mna kar dia,,,,,
32,28-7-2021,Anil Sir,Tanwar Cement Store Bhiwani,Y,Y,Y,914438,Y,Y,Y (16-8-21),Y,,,,,,,,
33,29-7-2021,Anwar Sir,Komal Elc. Jind,Y,Y,Y,"383742,383743 (PHY.)",Y,Y,Y (28-8-21),Y,chq n h,,What'sapp detail bhej di btadege,,,,,
34,29-7-2021,Akash Sir,Pankaj Elc. Anupshahr,Y,Y,,closed party,Y,Y,Y (28-8-21),Y,,,,,,,,
35,3-8-2021,Sunny Sir,Rohilla Ent. Bhiwani,Y,Y,N,,Y,Y,Y (28-8-21),Y,party khri hai security chq nhi duga,,,,,,,
36,9-8-2021,Sumeet Sir,Shakti Elc. Gangoh Saharanpur,Y,Y,Y,Running  me h,Y,Y,Y (28-8-21),Y,,,,,,,,
37,10-8-2021,Ravikant Sir,Luxmi Elc. Malik Chowk Hisar,Y,Y,Y,"000013,000014",Y,Y,Y (17-8-21),Y,,,,,,,,
38,11-8-2021,Akash Sir,Om Hari Bol Udyam Babrala UP,Y,Y,Y,"466686,466687,466688 (phy)",Y,Y,Y (28-8-21),Y,,,,,,,,
39,11-8-2021,Arun Sir,Baba Sadh Ent. Akoda,Y,Y,Y,000011 (phy.),Y,Y,Y (28-8-21),Y,,,,,,,,
40,13-8-2021,Ravikant Sir,Shri Jyoti Elc. Cantt. Hisar,Y,Y,Biiling nhi,,Y,Y,Y (17-8-21),Y,not complete,,,,,,,
41,13-8-2021,Akash Sir,Dinesh Battery Works Ahmedgarh,Y,,,closed party,Y,Y,Y (28-8-21),Y,,,,,,,,
42,14-8-2021,Anil Sir,Shree Shyam Battery Dadri,Y,Y,Y,039194 (phy.),Y,Y,Y (28-8-21),Y,,,,,,,,
43,16-8-2021,Ravikant Sir,Shree Shyam Elcs. Dogran Mohala Hisar,,,Biiling nhi,,Y,Y,Y (1-9-21),Y,not complete,,,,,,,
44,17-8-2021,Anwar Sir,Shree Radhey Elcs. Dhatrath Jind,Y,Y,Y,"008240,008241",Y,Y,Y (28-8-21),Y,,,party closed,,,,,
45,19-8-2021,Ravikant Sir,Poonia Elc. Ladwa,Y,,Monday,,Y,Y,Y (28-8-21),Y,chq n h,,,,,,,
46,20-8-2021,Akash Sir,Kissan Batteries Sikarpur,Y,Y,,closed party,Y,Y,Y (28-8-21),Y,,,,,,,,
47,20-8-2021,Akash Sir,Raj Battery Bulandshahr,Y,Y,Y,"539121,539122 (phy.)",Y,Y,Y (6-12-21),Y,,,,,,,,
48,20-8-2021,Ravikant Sir,Hitesh Ent. Kaimri,Y,Y,,,Y,Y,Y (1-9-21),Y,not complete,,,,,,,
49,26-8-2021,Ravikant Sir,R.K. Elc. Hisar (NBD),Y,Y,,,Y,Y,Party cancle,,,,,,,,,
50,27-8-2021,Ravikant Sir,Bhumika Elc. Dogran Mohalla Hisar,Y,,Y,055413 (phy.),Y,Y,Y (28-8-21),Y,Pancard nhi h,,,,,,,
51,2-9-2021,Ravikant Sir,Mukender Hisar (Restart),Y,,Inactive Party,Inactive Party,Y,Y,Y (6-12-21),Y,,,,,,,,
52,2-9-2021,Ravikant Sir,Power Plus Hisar,,,Biiling nhi,,,Y,,,,,,,,,,
53,6-9-2021,Rajesh Sir,Mayank Inv. Bikaner,Y,Y,,  ,,Y,,,,,,,,,,
54,10-9-2021,Anwar Sir,Balaji Battery House Kaithal,Y,Y,Y,"041947,041948",Y,Y,Y (6-12-21),Y,,,party closed,,,,,
55,11-9-2021,Chander Sir,Preet Inv. Rania,Y,Y,Y,058945 (phy.),Y,Y,Y (6-12-21),Y,,,,,,,,
56,11-9-2021,Chander Sir,Ahuja Shoping Complex Sirsa,Y,Y,Party Closed,Party Closed,Y,Y,Y (6-12-21),Y,Chq n h,,,,,,,
57,13-9-2021,Ravi Sir,New Shiv Shakti Traders Deoband,Y,Y,Y,"000126,000127,000128 (phy.)",Y,Y,Y (8-11-21),Y,,,,,,,,
58,14-9-2021,Ravi Sir,Vansh Ent. Saharanpur,Y,Y,Y,"111837,111838 (phy.)",Y,Y,Y (8-11-21),Y,,,,,,,,
59,14-9-2021,Ravi Sir,Durga Elc. Patni Chilkana Saharanpur,Y,Y,Y,"896913,896814",Y,Order No Rec. In Group (Order After Sarad),,,Party cancle,,,,,,,
60,15-9-2021,Ravikant Sir,Shree Radhey Krishna Elc. Hisar,Y,,Y,381861 (phy.),Y,Order No Rec. In Group,Y (6-12-21),Y,,,,,,,,
61,16-9-2021,Ravi Sir,Saini Elc. Salempur Saharanpur,Y,Y,Y,"000010,000011 (phy.)",Y,Y,Y (8-11-21),Y,,,,,,,,
62,17-9-2021,Ravi Sir,Pundir Elcs. Works Saharanpur,Y,Y,Y,"000281,000282 (phy.)",Y,Y,Y (8-11-21),Y,,,,,,,,
63,17-9-2021,Ravikant Sir,Jai Bharat Elcs Azad Nagar Hisar,Y,,aagya,,Y,Order No Rec. In Group,Y (6-12-21),Y,chq n h,,,,,,,
64,20-9-2021,Ravi Sir,Shiva Ent. Sarsava,Y,Y,Y,355755'355756'355757 (phy.),Y,Y,Y (8-11-21),Y,,,,,,,,
65,20-9-2021,Rajesh Sir,Shree Shyam Battery House Kosli,Y,Y,Y,"763182,763183",N,Y,,,,,,,,,,
66,20-9-2021,Akash Sir,Jai Durga Inv. Siyana,Y,Y,Y,055015 closed party,Y,Y,Y (6-12-21),Y,,,,,,,,
67,22-9-2021,Ravi Sir,Durga Electricals Saharanpur,Y,Y,Y,032930(Phy.),Y,Y,Y (6-12-21),Y,,,,,,,,
68,24-9-2021,Ravi Sir,Swagat Battery Workshop Saharanpur,Y,Y,Y,"000542,000543(phy.)",Y,Y,Y (20-11-21),Y,,,,,,,,
69,24-9-2021,Sunny Sir,Jai Mata Trading Co. Ch. Dadri,Y,Y,Y,"000261,000262,(phy.)",Y,Y,Y (6-12-21),Y,,,,,,,,
70,24-9-2021,Sumeet Sir,Maa Vaishno Ex. Store Roorkee,Y,Y,Y,"201982,201983",Y,Y,Party Closed,,,,,,,,,
71,25-9-2021,Ravi Sir,Krishna elc.Rampur,Y,Y,Y,"002882,002883,002884 (phy)",Y,Y,Y (8-11-21),Y,,,,,,,,
72,27-9-2021,Akash Sir,M/S Saifi Elcs. Jewar ,Y,Y,Y,"313368,313367 (phy.)",Y,Y,Y (8-11-21),Y,,,,,,,,
73,30-9-2021,Ravikant Sir,Verma Traders Hisar,Y,,Y,316783 (phy.),Y,Y,Y (6-12-21),Y,,,,,,,,
74,30-9-2021,Ravi Sir,Smart Mobile & Elc. Biharigarh,Y,,Y,"200901,200900,200899 (phy.)|",Y,Y,Y (8-11-21),Y,,,,,,,,
75,30-9-2021,Chander Sir,Deshwali Auto Kagdana Chopta,Y,Y,Y,009123,Y,Y (25-10),Y (6-12-21),Y,,,,,,,,
76,6-10-2021,Ravi Sir,Avi. Elc. Nakur Saharanpr,Y,Y,Y,"000022,'000023 (phy.)|",Y,Y,Y (8-11-21),Y,,,,,,,,
77,6-10-2021,Anwar Sir,Khatkar Elc. Works Uchana,Y,Y,Y,"000011,'000013",Y,Y,Y (6-12-21),Y,,,party closed,,,,,
78,7-10-2021,Ravikant Sir,Shiv Elc. Store Hisar,Y,Y,Biiling nhi,,Y,N,,,,,,,,,,
79,7-10-2021,Ravi Sir,Rajbanshi Inv. Saharanpur,Y,Y,Y,"017573,017574 (phy.)",Y,Y,Y (8-11-21),Y,,,,,,,,
80,8-10-2021,Akash Sir,Mony Star Battery Khurja,Y,Y,Y,"000016,'000017 (phy.)",Y,Y,Y (8-11-21),Y,,,,,,,,
81,9-10-2021,Ravi Sir,Kanika Elc. Saharanpur,Y,Y,Y,000086 (phy.),Y,Y,Y (8-11-21),Y,,,,,,,,
82,11-10-2021,Anwar Sir,Rajiv Elc. Works Jind ,Y,Y,Y,"000079,'000080 (phy.)",Y,Y,Y (6-12-21),Y,,,party closed,,,,,
83,13-10-2021,Ravi Sir,New Prakash Battery Gangoh,Y,Y,Y,648569 (phy.),Y,Y,Y (8-11-21),Y,,,,,,,,
84,19-10-2021,Rajesh Sir,Chhavi Inv. Battery Rewari,Y,Y,Y,"033957,'033958",N (Approve By Sunil Sir),Y,,,,,,,,,,
85,20-10-2021,Chander Sir,Ganpati Elc. Madhosinghania,Y,Y,Y,900294 (phy.),Y,Y,Y (6-12-21),Y,,,,,,,,
86,20-10-2021,Chander Sir,Vishwkarma Auto Elc. Jamal,Y,Y,Y,,Y,N,Closed,,Mat. Nhi Gya,,,,,,,
87,25-10-2021,Ravi Sir,S.L. Elc. Saharanpur,Y,Y,Y,"931113,931114(phy.)",Y,Y,Y (28-2-21),Y,,,,,,,,
88,26-10-2021,Chander Sir,Hardeep Auto elc. Hanumangarh,Y,Y,Y,"904292,,904293",Y,Y,Y (6-12-21),Y,Mat. Nhi Gya,,,,,,,
89,27-10-2021,Ravi Sir,Luxmi Elc. Saharanpur,Y,Y,Y,013769 (phy.),Y,Y,Y (8-11-21),Y,,,,,,,,
90,27-10-2021,Deepak Sir,Ahlawat Elc. Sampla,Y,Y,Y,"018458,018459 (phy.)",Y,N,Y (28-2-21),Y,id pan card office n h,,,,,,,
91,30-10-2021,Ravi Sir,Madhur Elcs. Saharanpur,Y,Y,Y,"699337,,699338 ,000011,000012 (phy.)",Y,Y,Y (8-11-21),Y,,,,,,,,
92,3-11-2021,Kaushal Sir,Shubham Battery World Hisar,Y,Y,N,,Y,Y,,,,,,,,,,
93,9-11-2021,Akash Sir,Anshul Battery Ahmadgarh,Y,Y,N,,Y,N,,,,,Party se baat chal rahi hai material nhi jara unke ps,,,,,
94,18-11-2021,Rambir Sir,Raju Auto  Ratia,Y,Y,Y,093458,Y,Y,Y (6-12-21),Y,,,,,,,,
95,19-11-2021,Veerendra Sir,Gaurav Distributors Behror,Y,Y,Y,"000052,000053",Y,Y,Y (28-2-21),Y,,,,,,,,
96,20-11-2021,Rambir Sir,Singla Battery Bhattu,Y,Y (Voter card),Y,000869,Y,Y,Y (6-12-21),Y,,,,,,,,
97,22-11-2021,Veerendra Sir,Shree Shyam Ent. Rajgarh ,,Y (Voter card),Y,666427'666428,Y,Y,Y (28-2-21),Y,,,,,,,,
98,23-11-2021,Anwar Sir,Gill Elc. Works Jind,Y,Y,Y,000056'000057 (phy.),Y,Y,Y (6-12-21),Y,,,,,,,,
99,24-11-2021,Anwar Sir,Pawan Inv. Battery Khatkar,Y,Y,Y,"063449,063450 (phy.)",Y,Y,Y (6-12-21),Y,,,,,,,,
100,26-11-2021,Ravikant Sir,Battery Point Hisar,Y,,Y,000612 (phy.),Y,Y,Y (6-12-21),Y,pan card office n h,,,,,,,
101,27-11-2021,Sumeet Sir,Veer Trading Com. Muzz,Y,Y,Y,"001000,001005 (phy.)",Y,Y,Phuchvadia dhingra sir ko,,,,,,,,,
102,2-12-2021,Ravi Sir,Bharat Elc. Salempur,Y,Y,Y,"000017,000031,000032 (phy.)",Y,Y,Y (6-2-22),Y,,,,,,,,
103,3-12-2021,Anwar Sir,Yash Elc. Pilukhera,Y,Y,Y,015132'015133,Y,Y,Y (6-12-21),Y,chq n aye,,party closed,,,,,
104,3-12-2021,Ravi Sir,Ashu Elc. Jaroda Panda,Y,Y,Y,"126651,126652",Y,Y,Y (28-2-21),Y,,,,,,,,
105,11-12-2021,Veerendra Sir,Shri Gayatri Auto Elc. Rajgarh ,Y,Y,Y,"055156,055157",Y,Y,bhijvaduga,,,,,,,,,
106,11-12-2021,Veerendra Sir,Shivam Battery Care Alwar,Y,Y,Y,000004,Y,Y,bhijvaduga,,,,,,,,,
107,11-12-2021,Veerendra Sir,Taneja Elc. Bharatpur,Y,Y,Y,000739,Y,Y,Y (28-2-21),Y,,,,,,,,
108,14-12-2021,Ravi Sir,Kamboj Inv.& Battery Chhutmalpur,Y,Y,Y,"000583,000584(phy.)",Y,Y,Y (28-2-21),Y,,,,,,,,
109,16-12-2021,Ravi Sir,Parteek Elc. Saharanpur,Y,Y,Y,"800383,800384(phy.)",Y,Y,Y (28-2-21),Y,,,,,,,,
110,22-12-2021,Anwar Sir,Bharat Elc. Narwana Jind,Y,Y,Y,062972'062973 (phy.),Y,Y,Y (28-2-21),Y,not complete,,,,,,,
111,24-12-2021,Ravikant Sir,Ess Aar Ent. Dabda Hisar,Y,Y,,,Y,Y,Y (28-2-21),Y,not complete,,,,,,,
112,24-12-2021,Anwar Sir,Manvi Inv. Battery Pilukhera,Y,Y,Y,"093871,093872",Y,Y,Y (28-2-21),Y,not complete,,party closed,,,,,
113,24-12-2021,Anwar Sir,Mazik Power Inv. Safidon,Y,Y,Y,059135'059136,Y,Y,Y (28-2-21),Y,not complete,,party closed,,,,,
114,25-12-2021,Ravikant Sir,Total Power Soluttion Hisar,,,Biiling nhi,,Y,Y,Y (28-2-21),Y,not complete,,,,,,,
115,25-12-2021,Arun Sir,G.R. Power Solution Mahendergarh,Y,Y,Y,000001'000002,Y,Y,Y (20-9-22),Y,,,,,,,,
116,25-12-2021,Anwar Sir,Surya Battery House Julana,Y,Y,Y,670101'670102,Y,Y,Y (28-2-21),Y,not complete,,party closed,,,,,
117,25-12-2021,Ravinder Sir,Marut Ent. Hansi,Y,Y,Y,000001'000002,Y,Y,Y (28-2-21),Y,,,,,,,,
118,25-12-2021,Arun Sir,Yadav Elcs. & Plumber Dongda ,Y,kl 30/7,Y,120991'120992 (PHY.),Y,Y,Y (20-9-22),Y,,,,,,,,
119,25-12-2021,Ravinder Sir,Kataria Elc. Works Hansi,,,Y,922329'922330 (phy.),Y,Y,Y (28-2-21),Y,not complete,,,,,,,
120,25-12-2021,Ravikant Sir,P.K. Elc. Sikarpur,Y,Y,Biiling nhi,,Y,Y,Y (28-2-21),Y,not complete,,,,,,,
121,25-12-2021,Arun Sir,Shri Sidhi Vinayak Ent. Mahendergarh,Y,closed,Y,101552,Y,Y,Y (20-9-22),Y,,,,,,,,
122,26-12-2021,Veerendra Sir,Mosam Battery House Alwar,Y,Y,Y,188665'188680,Y,Y,Y (28-2-21),Y,,,,,,,,
123,26-12-2021,Veerendra Sir,Saini Battery Agencies Tijara,Y,Y,Y,"078330,078331",Y,Y,Y (28-2-21),Y,,,,,,,,
124,26-12-2021,Veerendra Sir,Aggarwal Battery Barodameo,Y,Y,Y,000011'000012,Y,Y,Y (28-2-21),Y,,,,,,,,
125,28-12-2021,Deepak Sir,Kunj Battery Chhahar,Y,Y,not but rec. advance,not,Y,Y,Y (19-3-21),Y,,,under distribute,,,,,
126,31-12-2021,Ravikant Sir,Jaiswal Elc. Hisar,,,Inactive,,Y,Y,,,,,,,,,,
127,3-1-2022,Veerendra Sir,Mateshwari Auto Elc. Thanganji (NBD),Y,Y,Y,"704,203,704,204",Y,Y,Y (28-2-21),Y,,,,,,,,
128,5-1-2022,Chander Sir,Karagwal Ass. Ellenabad,Y,Y,Y,851717,Y,Y,Y (28-2-21),Y,not complete,,,,,,,
129,5-1-2022,Ravikant Sir,Salasar Traders Hisar,Y,Y,Y,  ,Y,Y,,,Only Form Aya Hai ,,,,,,,
130,7-1-2022,Ravikant Sir,Godara Elc. Kaimri Hisar,Y,Y,Y,354963,Y,Y,,,Only Form Aya Hai ,,,,,,,
131,11-1-2022,Ravinder Sir,Chirag Batt. Elc. Gohana ,Y,,Y,054005 (phy.),Y,Y,Y (28-2-21),Y,not complete,,,,,,,
132,12-1-2022,Rambir Sir,Mahender Auto Elc. Works Bhattu,,,Y,889342,Y,Y,Y (28-2-21),Y,not complete,,,,,,,
133,12-1-2022,Ravinder Sir,Rajan Sharma Elcs. Kunger ,Y,Y,Y,361345,Y,Y,Y (28-2-21),Y,,,,,,,,
134,12-1-2022,Deepak Sir,Gaurav Elc. Rohtak ,Y,Y,Y,"468791,468792",Y,Y,Y (28-2-21),Y,,,party closed,,,,,
135,12-1-2022,Anwar Sir,Shri Ganesh Elc. Uchana,Y,Y,Y,"597990""597991(phy.)",Y,Y,Y (28-2-21),Y,,,,,,,,
136,14-1-2022,Ravinder Sir,Sanju Sales Agency Narwana,Y,Y,Y,933099,Y,Y,Y (28-2-21),Y,,,,,,,,
137,14-1-2022,Ravi Sir,Neha Elcs. & Elc Deoband,Y,Y,Y,836698'836699,Y,Y,Y (28-2-21),Y,,,,,,,,
138,15-1-2022,Rajesh Sir,S.D. Ent. Kund,Y,Y,Y,000003'000004,Y,Y,,,Only Form Aya Hai ,,,,,,,
139,17-1-2022,Ravikant Sir,Jaisons Tech. Hisar Inactive,Y,Y,chq book apply,,Y,Y,Y (28-2-21),Y,,,,,,,,
140,17-1-2022,Rajesh Sir,J.P. Transfermer Kosli,,,Y,064926'064927,Y,Y,,,,,,,,,,
141,19-1-2022,Ravikant Sir,S.K. Elc. Works Hisar,Y,Y,Biiling nhi,,Y,Y,Y (28-2-21),Y,id pan card office n h,,,,,,,
142,19-1-2022,Ravinder Sir,Deep Trading Farmana,Y,Y,Y,000014'000015 (phy.),Y,Y,Y (28-2-21),Y,,,,,,,,
143,20-1-2022,Arun Sir,R.B. Elc. Satnali,Y,,Y,"071345,071346 (phy.)",Y,Y,Y (20-9-22),Y,,,,,,,,
144,21-1-2022,Deepak Sir,Aryan Trading Company Rohtak,Y,Y,Y,"027402,027401 (phy.)",Y,Y,Y (28-2-21),Y,,,,,,,,
145,24-1-2022,Anwar Sir,Gautam Elc. Julana,Y,Y,Y,000999'001000 (phy.),Y,Y,Y (28-2-21),Y,,,,,,,,
146,27-1-2022,Anwar Sir,Delhi Elc. Works Jind,Y,Y,Y,227266'227267,Y,Y,,,Only Form Aya Hai ,,party closed,,,,,
147,27-1-2022,Anwar Sir,Harsh Battery House Kinana,,Y,Y,"056621,056622",Y,Y,,,Only Form Aya Hai ,,party closed,,,,,
148,27-1-2022,Chander Sir,Shri Shiv Auto Sirsa,Y,Y,Party Closed,Party Closed,Y,Y,Aagya,,,,,,,,,
149,27-1-2022,Anwar Sir,Shiv Elc. Store Jind Narnaund,Y,Y,Y,"094487,094488",Y,Y,,,Only Form Aya ai,,party closed,,,,,
150,28-1-2022,Ravikant Sir,Shiva Elc. Work Hisar,Y,Y,Biiling nhi,chq book apply,Y,Y,,,Only Form Aya Hai ,,,,,,,
151,2-2-2022,Anwar Sir,Bibipur Elc. Store Jind,Y,Y,Y,502573'502574,Y,Y,,,Only Form Aya Hai ,,party closed,,,,,
152,2-2-2022,Rambir Sir,Deepak Elc. Agroha,Y,Y,Y,696921,Y,Y,,,Next tym order Not put without chq,,,,,,,
153,2-2-2022,Amit Sir,Ramesh Elc. Bhiwani,Y,Y,Y,000001,Y,Y,Y (28-2-21),Y,,,,,,,,
154,4-2-2022,Rajesh Sir,Jai Ambay Ent. Rewari,,,Y,"793,121,793,120",Y,Y,,,Only Form Aya Hai,,,,,,,
155,4-2-2022,Arun Sir,Nirban Traders Mohindergarh,Y,kl 30/7,Y,045315'045316,Y,Y,Y (20-9-22),Y,Only Form Aya Hai & Pan card Pending h,,,,,,,
156,7-2-2022,Veerendra Sir,Vinayak Batt. Ent. Bharatpur,Y,,Cash Party,chq n degi prty,Y,Y,Y (28-2-21),Y,chq n h,,,,,,,
157,7-2-2022,Veerendra Sir,Shri Bala Ji Elc. Narayanpur,Y,Y,Y,687364'687365,Y,Y,Y (28-2-21),Y,,,,,,,,
158,7-2-2022,Ravikant Sir,Power Line Hisar,Y,Y,Y,105877 (phy.),Y,Y,Y (28-2-21),Y,,,,,,,,
159,8-2-2022,Veerendra Sir,Ram Batt. Bharatpur,Y,Y,Cash Party,chq n degi prty,Y,Y,Y (28-2-21),Y,chq n h,,,,,,,
160,8-2-2022,Veerendra Sir,Raj Battery House Bharatpur,Y,Y,Y,"000072,000073,000074",Y,Y,bhijvaduga,,,,,,,,,
161,10-2-2022,Veerendra Sir,Deepak Motors Alwar,Y,Y,Y,"000002,000003",Y,Y,Y (28-2-21),Y,,,,,,,,
162,10-2-2022,Veerendra Sir,Shri Gurukirpa Batt. House Jaipur,Y,Y,Y,000005,Y,Y,bhijvaduga,,,,,,,,,
163,12-2-2022,Ravi Sir,Meharwal Traders Nagal Talheri,Y,Y,Y,"002779,002780 (phy.)",Y,Y,Y (28-2-22),Y,,,,,,,,
164,14-2-2022,Ravikant Sir,Chahat Elc. Barwali Dhani Hisar,Y,Y,Y,083696 (phy.),Y,Y,Y (28-2-21),Y,,,,,,,,
165,15-2-2022,Anwar Sir,Jai Durga Elcs. Pilukhera ,Y,Y,Y,"026506,026507",Y,Y,,,Only Form Aya Hai & Pan card Pending h,,party closed,,,,,
166,15-2-2022,Veerendra Sir,Dhawan Auto Elcs. Alwar,Y,Y,Y,215130'215131,Y,Y,bhijvaduga,,,,,,,,,
167,18-2-2022,Sunny Sir,Aalampuriya Elcs. Tosham,Y,Y,Y,"063492,063493 (phy.)",Y,Y,Y (28-2-21),Y,,,,,,,,
168,19-2-2022,Veerendra Sir,Sahu Inv. & Battery Kathumar,Y,Y,Y,104183,Y,Y,Y (28-2-21),Y,,,,,,,,
169,19-2-2022,Ravikant Sir,Monu Elc. Umra,Y,Y,Y,281882,Y,Y,,,Only Form Aya Hai ,,,,,,,
170,21-2-2022,Veerendra Sir,Sharma Tyre & Parts Works Kathumar,Y,Y,Y,000005,Y,Y,Y (28-2-21),Y,,,,,,,,
171,21-2-2022,Veerendra Sir,Jain Battery House Deeg,Y,Y,Y,452462,Y,Y,Y (28-2-21),Y,,,,,,,,
172,22-2-2022,Akash Sir,Jai Druga Inv. Battery Siyana,Y,Y,Y,055015,Y,Y,Y (28-2-21),Y,,,,,,,,
173,24-2-2022,Chander Sir,Wadhwa Elcs. Dabwali,Y,Y,Y,000545,Y,Y,Aagya,,Only Form Aya Hai ,,,,,,,
174,24-2-2022,Akash Sir,Rifa Battery Bahjoi,Y,Y,Security chq aagya group me detail daal dege,,Y,Y,Y (28-2-21),Y,,,party closed,,,,,
175,26-2-2022,Sumeet Sir,Shri Pushpak Tradrs Muzz,Y,Y,Y,000508,Y,Y,Y (19-8-21),Y,,,,,,,,
176,1-3-2022,Veerendra Sir,Garg Battery House Nagar,Y,Y,Y,000011,Y,Y,bhijvaduga,,,,,,,,,
177,4-3-2022,Deepak Sir,Foji Copper Store Pilana Rohtak,Y,Y,Y,378197'378198 (phy.),Y,Y,Y (19-3-21),Y,,,,,,,,
178,6-3-2022,Deepak Sir,Durga Elc. Works Ismaila,Y,Y,Y,913023'913024 (phy.),Y,Y,Y (19-3-21),Y,,,,,,,,
179,9-3-2022,Deepak Sir,Mangat Auto Elc. Sampla,Y,Y,Y,761681'761682 (phy.),Y,Y,Y (19-3-21),Y,,,,,,,,
180,12-3-2022,Ravi Sir,Neha Electronics Deoband,N,N,Y,836698'836699,Y,Y,phuchgya,,,,,,,,,
181,15-3-2022,Deepak Sir,"Pankaj Electronics,Ḥassangarh",Y,Y,Y,000025' '000024 (phy.),Y,Y,Y (19-4-21),Y,,,,,,,,
182,16-3-2022,Amit Sir,"S.S Enterprise,Bhiwani",Y,Y,Y,528911 '528910,Y,Y,(Y 26-7-22),Y,,,,,,,,
183,23-3-2022,Ravi Sir,Vasnavi Electrical Rasulpur Selampur Behat,Y,Y,Y,000001 '000002 (phy.),Y,Y,(Y 26-7),Y,,,,,,,,
184,26-3-2022,Veerendra Sir,Arshad Battery House,Y,Y,Y,031282 '031281,Y,Y,bhijvaduga,,,,,,,,,
185,23-4-2022,Akash Sir,"Revolt Electronics,Karouna",Y,Y,Y,114337 (phy.),Y,Y,(Y 26-7),Y,,,,,,,,
186,28-4-2022,Kaushal sir,Shyam Hodal,N,N,N,Adv Payment By Cash,N,Y,,,,,,,,,,
187,28-4-2022,Akash Sir,Royal Battery Rabupura,Y,Y,N,,Y,N,(Y 26-7),Y,,,,,,,,
188,29-4-2022,Ravi Sir,"Narender Electrical, Saharanpur",Y,Y,Y,717068 '717067 (phy.),Y,Y,(Y 26-7),Y,,,,,,,,
189,17-5-2022,Sumeet Sir,"Saini Electronic,Bahadarabad",Y,Y,Y,000018 '000017 '000016 (phy.),Y,Y,Y (19-8-22),Y,,,,,,,,
190,25-5-2022,Sumeet Sir,Veer Trading Company Muzzaffarnagar,Y,Y,Y,001005 '001000,Y,Y,Y (19-8-21),Y,,,,,,,,
191,30-5-2022,Manoj Sir Meerut,"Khamani Electronics,Meerut",Y,Y,Y,013871 (Adv Paymnt),Y,Y,"Ok Rece. Without  Cheque,Adhar/Pan",,,,,,,,,
192,11-6-2022,Manoj Sir Meerut,"Diamond Battery House,Meerut",Y,Y,N,chq apply krrkha h,Y,Y,Ok Rece. Without  Cheque ,,,,chq abhi bna nhi aaj billing hone s phle aa jayega,,,,,
193,11-6-2022,Manoj Sir Meerut,"Aarzoo Enterprise,Baraut",Y,Y,Y,"000152, 000155,000156 (phy.)",Y,Y,Y (19-8-21),,,,,,,,,
194,17-6-2022,Akash Sir,"Techno Power System,Alligarh",Y,Y,N,Adv Payment By Cash,Y,Y,Ok Rece. Without  Cheque ,,advance cash received when billing,,,,,,,
195,17-6-2022,Manoj Sir Meerut,"Shiv Electronics,Meerut",Y,Y,Y,"387306 '387304 '387305,(phy.)",Y,Y,Y (19-8-21),,,,,,,,,
196,18-6-2022,Akash Sir,National Battery Gulawthi,Y,Y,Y,885987 '885988 (phy.),Y,Y,ok Received,,,,,,,,,
197,22-6-2022,Akash Sir,"Ankit Battery,Dankaur",Y,Y,Y,131861 '131862,Y,N,,,,,,,,,,
198,22-6-2022,Manoj Sir Meerut,"Mayank Traders,Meerut",Y,Y,Y,000845 '000846 '000844 (phy.),Y,Y,Y (19-8-21),,,,,,,,,
199,6-7-2022,Sanjay Sir,Singh Traders Fatehpur,Y,Y,Y,"299790,299791,299792(phy.)",Y,Y,Y (19-8-21),,,,,,,,,
200,6-7-2022,Manoj Sir Meerut,Vishwakarma Traders Meerut,Y,Y,Y,"041151,  041170",Y,Y,ok recived (20-9-25),,,,sare nbd form ikthe bhijva senge jb sec chq. aa jayega,,,,,
201,11-7-2022,Rajesh Sir,Om Shiv Furniture House Kotputli,N,N,Y,000034,N,N,,,,,,,,,,
202,11-7-2022,Veerendra Sir,Shri Ram Battery House Bharatpur,N,N,Cash Party,chq n degi prty,Y,Y,bhijvaduga,,,,,,,,,
203,12-7-2022,Veerendra Sir,Aggarwal Battery House Kama,N,N,Cash Party,chq n degi prty,Y,Y,bhijvaduga,,,,,,,,,
204,12-7-2022,Manoj Sir Meerut,"Xcel Battery,Meerut",N,Y,Y,"479631,479630",Y,Y,,,,,,,,,,
205,14-7-2022,Ravi Sir,"Neelam Inverter Service, Saharanpur",Y,Y,Y,"182165 '182166 '182167,182200, 182199,182201(phy.)",Y,Y,Y (19-8-21),,,,,,,,,
206,18-7-2022,Deepak Sir,Harsh Inverter Battery House Jhajjar,Y,Y,Y,"000163,000162 (phy.)",Y,Y,Y (2-1-2023),Y,,,,,,,,
207,18-7-2022,Arun Sir,Arun Electricals And Hardware Akoda,Y,N,Y,233757 ,Y,Y,Y (20-9-22),Y,,,,,,,,
208,26-7-2022,Akash Sir,Qadri Ent. Bahjoi,Y,Y,Y,"0000006,0000007,0000008 (phy.)",Y,Y,ok Received,,,,,,,,,
209,26-7-2022,Akash Sir,Vardania Batteries Khurja,Y,,,,Y,N,Y (19-8-21),,,,,,,,,
210,27-7-2022,Manoj Sir Meerut,Rihan Ent. Meerut,Y,Y,Y,"0000012,0000013,0000014",Y,N,,,,,,,,,,
211,29-7-2022,Rajesh Sir,Nishant Power Tech Khatuwas,Y,,Y,"0000002,0000003",Y,Y,,,,,,,,,,
212,30-7-2022,Manoj Sir Meerut,Red Heart & Com. Meerut,,,,Adv Payment By Cash,Y,Y,"Ok Rece. Without  Cheque,Adhar/Pan",,,,,,,,,
213,30-7-2022,Akash Sir,Shanu Inv & Battery Kashganj,Y,Y,Y,"000221,000222,000223 (phy.)",Y,Y,Y (19-8-21),Y,,,,,,,,
214,8-8-2022,Sumeet Sir,Ujala Rep. Centre Muzz,Y,Y,,Adv Pymnt,Y,Y,Y (19-8-21),Y,,,,,,,,
215,8-8-2022,Sumeet Sir,Technocool Elc. And Ref. Seohara,Y,Y,,Adv Pymnt,Y,Y,Y (19-8-21),Y,,,,,,,,
216,14-8-2022,Manoj Sir Meerut,Shri Bajrang Bali Battery Amroha,Y,,Y,"024083,024084",Y,Y,ok Received,,,,,,,,,
217,20-8-2022,Amit Sir,Hitesh Ent. Ranila,Y,Y,Y,"547029,547035 (phy.)",Y,Y,Sunny Sir Ke Pass Hai,,,,,,,,,
218,24-8-2022,Veerendra Sir,Ridhi Sidhi Batteries Sikri,Y,Y,Y,"000011,000012",Y,Y,,,,,,,,,,
219,24-8-2022,Veerendra Sir,Sameer Battery Trading Sikri,Y,Y,Y,000328,Y,Y,,,,,,,,,,
220,1-9-2022,Ravi Sir,Shakumbari Traders Saharanpur,Y,Y,Y,"194539,194540 (phy.)",Y,Y,ok Received,,,,,,,,,
221,8-9-2022,Manoj Sir Meerut,Saurabh Sagar Elc. Barout,Y,Y,Y,"969264,969265,969266 (phy.)",Y,Y,ok Received,,,,,,,,,
222,16-9-2022,Manoj Sir Meerut,Naeem Elcs. Moradabad,Y,Y,,,Y,N,,,,,,,,,,
223,23-9-2022,Sumeet Sir,M/S Puran Kirpa Traders Muzz,Y,Y,Y,"000042,000043,000044(phy.)",Y,Y,Y (11-10-2022),Y,,,,,,,,
224,6-10-2022,Veerendra Sir,Yadav Elc. Works Tijara,Y,Y,N,,Y,Y,,,,,,,,,,
225,2-11-2022,Rajesh Sir,Tanu Solar Solution Rewari,Y,Y,Approved Sunil Sir,Cash Party,Y,N,,,,,,,,,,
226,7-11-2022,Parveen Sir,Virk Traders Pundri,Y,Y,Y,"895867,895866,895868 (phy.)",Y,Y,Y (29-11-2022),Y,,,,,,,,
227,12-11-2022,Ravinder Sir,"Durga Tradding Co,. Hansi",Y,Y,Y,000007,Y,Y,,,,,,,,,,
228,16-11-2022,Ravinder Sir,Shekhawat Battery House Neoli Kalan,Y,Y,Approved Puneet Sir,Cash Party,Y,Y,,,,,,,,,,
229,17-11-2022,Akash Sir,Prakashmay Power Solution Bulandshahr,Y,Y,N,Adv Payment By Cash,Y,Y,Ok Rece. Without  Cheque ,,,,,,,,,
230,19-11-2022,Ravinder Sir,Raju Inv. Gohana,Y,Y,,Adv Payment By Cash,Y,Y,,,,,,,,,,
231,24-11-2022,Manoj Sir Meerut,Fida Elc. Moradabad,Y,Y,Y,"598364,598365",Y,Y,,,,,,,,,,
232,25-11-2022,Rajesh Sir,Pardeep Ent. Kosli,Y,Y,,,Y,Y,,,,,,,,,,
233,30-11-2022,Sanjay Sir,Rizwan Battery House Konch,Y,Y,Y,"050132,050133,050134 (phy.)",Y,Y,,,,,,,,,,
234,9-12-2022,Rajesh Sir,Yadav Elc. Dahina,Y,Y,Y,"000086,000087",Y,Y,,,,,,,,,,
235,13-12-2022,Sumeet Sir,Anshika Trading Co. Bijnor,Y,Y,Y,"037699,037700,037701 (phy.)",Y,Y,Ok Rece. Without  Cheque,,,,,,,,,
236,13-12-2022,Prem Sir,Shivam Ent. Sohna,Y,Y,Y,"016256,016257",Y,Y,,,,,,,,,,
237,16-12-2022,Deepak Sir,Mahadev Ent. Sampla,Y,Y,chq book nhi bni,Adv Payment By Cash,Y,Y,Y (2-1-2023),Y,,,party closed,,,,,
238,24-12-2022,Arun Sir,Sawariya Traders Mahendergarh,Y,Y,,Advance Pay. By Cash,Y,Y,,,,,,,,,,
239,24-12-2022,Akash Sir,Sanjay Elc. Bulandshahr,Y,Y,,Adv Payment By Cash,Y,Y,ok Received,,,,,,,,,
240,26-12-2022,Manoj Sir B,Laxmi Elc. Badhra Dadri,Y,Y,Y,"752583,752584,752585",Y,Y,,,,,,,,,,
242,28-12-2022,Manoj Sir Meerut,Imran Battery Mawana,Y,Y,Y,"000157,000158,000165",Y,N,,,,,,,,,,
243,30-12-2022,Neeraj Sir,Rajeev Kumar,,Y,Y,Adv Payment By Chq,,Y,,,,,,,,,,
244,31-12-2022,Sanjay Sir,Shekhar Batteries Orai,,Y,Y,"051281,051282,051283 (phy.)",Y,Y,,,,,,,,,,
245,31-12-2022,Rajesh Sir,S.K Ent. Nuh Sohna,Y,Y,Y,"000013,000014",Y,N,,,,,,,,,,
246,2-1-2023,Sunny Sir,Shree Uma Amrit Ent. Sonipat,Y,Y,Y,"000006,000007 (phy.)",Y,Y,ok Received,,,,,,,,,
247,4-1-2023,Rambir Sir,Sandroop Elc. Works Kuleri ,Y,Y,Y,"675956, 675960 (phy.)",Y,Y,ok Received,,,,,,,,,
248,5-1-2023,Manoj Sir B,New Khushi Ent. Dadri,Y,Y,,,Y,Y,,,,,,,,,,
249,11-1-2023,Arun Sir,Archana Elc. & Elc Nangal Choudhary,Y,Y,,Chq Nhi degi Prty,Y,Y,Y (2-1-2023),,,,,,,,,
250,11-1-2023,Rajesh Sir,Raj Hardware Mandola,Y,Y,Y,893711,Y,Y,,,,,,,,,,
251,12-1-2023,Sunny Sir,Neha Elc. Sonipat,Y,Y,Y,"000021,000022,000023 (phy.)",Y,Y,ok Received,,,,,,,,,
252,17-1-2023,Sumeet Sir,Super Power Ent. Roorkee,Y,Y,Y,"000005,000006,000007 (phy.)",Y,Y,ok Received,,,,,,,,,
253,18-1-2023,Prem Sir,Tejas Power Solution Palwal,Y,Y,Y,"023158,023159",Y,Y,,,,,,,,,,
254,18-1-2023,Manoj Sir Meerut,A.M Ent. Meerut,Y,Y,Y,"100126,100127,100128 (phy.)",Y,Y,Y (6-1-2024),,,,,,,,,
255,25-2-2023,Manoj Sir Meerut,Shadab Elc. Moradabad,Y,Y,Y,"000040,000041,000042 (phy.)",Y,Y,Y (6-1-2024),,,,,,,,,
256,5-3-2023,Manoj Sir B,B.K Power System Bhiwani,,,Y,"192275,192276",Y,Y,,,,,,,,,,
257,11-3-2023,Rajesh Sir,Royal Star Distributors Rewari,,Y,Y,"000014,000015",Y,Y,,,,,,,,,,
258,11-3-2023,Rajesh Sir,Durga Battery & Budhi Bawal,Y,Y,Y,"000011,000012",Y,Y,,,,,,,,,,
259,21-3-2023,Ravi Sir,Gayatri Traders Saharanpur,Y,Y,Y,"637793,637794,637795 (phy.)",Y,Y,ok Received,,,,,,,,,
260,21-3-2023,Manoj Sir Meerut,Indian Battery & Inv. House Dhanoura,Y,Y,Y,"440886,440887,440888 (phy.)",Y,Y,Y (7-7-2023),,,,,,,,,
261,19-4-2023,Rajesh Sir,Shri Balaji Battery House Rewari,Y,Y,Y,000023,Y,Y,,,,,,,,,,
262,1-5-2023,Manish Sir,Raju Battery House Alwar,Y,Y,N,,Y,Y,,,,,,,,,,
263,16-5-2023,Rajesh Sir,Shri Shyam Trader Rewari,,,Y,"066668,066669",Y,N,,,,,,,,,,
264,17-5-2023,Arun Sir,Aggarwal Trading Comp. Narnaul,Y,Y,N,,Y,Y,,,,,Party closed,,,,,
265,22-5-2023,Sunny Sir,Haryana Elc. Jind,Y,Y,Y,"294290.294291,294292 (phy.)",Y,Y,ok Received,,,,,,,,,
266,22-5-2023,Prem Sir,R.A Trading Sikri,Y,Y,Y,"000005.000006,000001
'000002,000003 (phy.)",Y,Y,Chq Rec. Y (4-10-2023),,,,,,,,,
267,23-5-2023,Ravinder Sir,Sandeep Elc. Gohana,Y,Y,Y,581019 (phy.),Y,Y,,,,,,,,,,
268,26-5-2023,Prem Sir,Ali Enterprises Nagina,Y,Y,Y,689392 (phy.),Y,Y,Chq Rec. Y (4-10-2023),,,,,,,,,
269,6-6-2023,Rajesh Sir,Shree Mahalaxmi Battery Rewari,Y,Y,Y,"892458""892459",Y,Y,,,,,,,,,,
270,14-6-2023,Manish Sir,Raj Motors Dholpur,Y,Y,N,,N,N,,,,,,,,,,
271,27-6-2023,Akash Sir,Shree Shyam Ent. Bulandshahr,Y,Y,Y,000025,Y,Y,Ok Rece. Without  Cheque,,Courier Lgva Denge 9/11 Said,,,,,,,
272,4-7-2023,Prem Sir,Mubarik Inv-Batteries Singalheri,Y,Y,N,045942 (phy.),Y,Y,Chq Rec. Y (4-10-2023),,,,,,,,,
273,8-7-2023,Akash Sir,Mathuria Ent. Aligarh,Y,Y,N,Adv Payment By Cash,Y,Y,Ok Received,,,,,,,,,
274,27-7-2023,Abhinav Sir,M/S Easy Store ,Y,Y,Y,"000133,000134,000135",Y,N,,,,,,,,,,
275,7-8-2023,Sumeet Sir,Vishal Traders Shamli,Y,Y,Y,"000084,000085,000086 (phy.)",Y,Y,Nothing Received,,,,,,,,,
276,7-8-2023,Rajesh Sir,Akash Inv. & Battery House Bawal,Y,Y,Y,000004,Y,Y,Nothing Received,,,,,,,,,
277,23-8-2023,Abhinav Sir,M/S Royal Battery Service,Y,,N,,Y,N,,,,,,,,,,
278,23-8-2023,Manoj Sir Meerut,M/S Sai Enterprises Rampur,Y,Y,Y,"000004,000005,000006 (phy.)",Y,Y,Chq Rec. Y (6-1-2024),,,,,,,,,
279,24-8-2023,Abhinav Sir,Bright Star Electronics,,Y,N,,Y,N,,,,,,,,,,
280,29-8-2023,Prem Sir,V-Tek Systems Ballabgarh,Y,Y,N,,Y,Y,Nothing Received,,,,,,,,,
281,11-9-2023,Ravi Sir,Kamboj Traders Saharanpur,Y,Y,Y,"605042,605045,605044 (phy.)",Y,Y,Ok Received,,,,,,,,,
282,30-10-2023,Ravi Sir,Ujjwal Battery & Inv. Saharanpur,Y,Y,Y,000002 (phy.),Y,N,Ok Received,,,,,,,,,
283,4-11-2023,Prem Sir,Asfak Electronics Badkali,Y,Y,Y,"043791,043792",Y,N,Nothing Received,,,,,,,,,
284,24-11-2023,Rajesh Sir,Mahadev Enterprises Rewari,Y,Y,Y,"067657,'067658",Y,N,,,,,,,,,,
285,21-12-2023,Pawan Arya Sir,Manjeet Battery House Dadri,Y,Y,Y,053260'053261 (phy.),Y,Y,ok Received (27-1-24),,,,,,,,,
286,24-12-2023,Manoj Sir Meerut,Golden Batteries Bareilly,Y,Y,Y,"000079'000080,000081",Y,N,,,,,,,,,,
287,26-12-2023,Pawan Arya Sir,Atul Ent. Jhajjar,N,N,N,,Y,,ok Received (27-1-24),,,,,,,,,
288,27-12-2023,Pawan Arya Sir,Chirag Batt. House Loharu,Y,Y,Y,"000064,'000065 (phy.)",Y,,ok Received (27-1-24),,,,,,,,,
289,27-12-2023,Pawan Arya Sir,Jyoti Electronic Tosham,N,N,N,,Y,,ok Received (27-1-24),,,,,,,,,
290,11-1-2024,Kaushal Sir,Om Inverter Battery & RO System Rajgarh,Y,Y,N,,Y,Y,,,,,,,,,,
291,24-1-2024,Chander Sir,"Shri Ganpati Enterprises Talwara Jheel
Hanumangarh",Y,Y,Y,877755,Y,Y,,,,,,,,,,
292,8-2-2024,Ashish Sir,Santosh Gen. Store Purnea Bihar,Y,Y,N,,Y,Y,,,,,,,,,,
293,14-2-2024,Prem Sir,Kifayat Electricals Uttawar Palwal,Y,Y,N,N,Y,,ok recevied,,,,,,,,,
294,21-2-2024,Pawan Sir,M/S Hindustan Network Rajgarh,N,N,N,N,N,,,,,,,,,,,
295,27-2-2024,Ashish Sir,Rainbow E & E Sale Service Khagaria,Y,Y,Y,004106,Y,,,,,,,,,,,
296,13-3-2024,Manoj Sir Meerut,M/S BalaJi Battery Bareilly,Y,Y,Y,"000278,000279,000280 (phy.)",Y,,ok recevied,,,,,,,,,
297,15-3-2024,Manoj Sir Meerut,M/S Shubham Batteries Pilibhit,Y,Y,N,N,Y,,,,,,,,,,,
298,19-3-2024,Sameer Sir,M/s Battery House Saurikh,Y,Y,N,N,Y,,,,,,,,,,,
299,20-3-2024,Ashish Sir,Lead Laxmi Power Technology Muzaffarpur,Y,Y,N,N,N,,ok received (20-3-24),,,,party closed,,,,,
300,8-4-2024,Sameer Sir,A S Enterprises Kanpur,Y,Y,Y,"000030,000031,000037, 000029 (phy.)",N,,,,,,,,,,,
301,23-4-2024,Ashish Sir,Battery Inverter Centre Dalsinsarai,Y,Y,Y,"084286,084287(phy.)",Y,,ok received (23-4-24),,,,,,,,,
302,29-4-2024,Ashish Sir,Zeba Electronic Centre Katihar Bihar,Y,Y,N,N,Y,,ok received (29-4-24),,,,,,,,,
303,23-5-2024,Ravinder Sir,Vishnu Trading Company Gohana,Y,Y,Y,"010890,010891(phy.)",Y,Y,ok received (23-5-24),,,,,,,,,
304,29-5-2024,Prince Sir,R.R Enterprises Gajraula,Y,Y,Y,"514819,514820,514821(phy.)",Y,Y,ok received (29-5-24),,,,,,,,,
305,30-5-2024,Ravinder Sir,Verma Elc. Nohar,N,Y,Y,161284(phy.),Y,Y,ok received,,,,,,,,,
306,31-5-2024,Ravi Sir,Swati Inv. & Battery Rampur Maniharan,Y,Y,Y,"352360,352361 (phy.)",Y,Y,ok received (31-5-24),,,,,,,,,
307,4-6-2024,Sanjay Sir,Veena Battery Motihari,Y,Y,Y,"000018,000019(phy.)",Y,,ok received (4-6-24),,,,,,,,,
308,7-6-2024,Prince Sir,M/S Aqeel Electricals Najibabad Bijnor,Y,Y,Y,"000037,000038,000039 (phy.)",N,,ok received (7-6-24),,,,,,,,,
309,7-6-2024,Manoj Sir Meerut,Janta Enterprises Bilaspur Rampur,Y,Y,N,,Y,,ok received (7-6-24),,,,,,,,,
310,10-6-2024,Sachin Sir,Gopal Enterprises Muzz,Y,Y,Y,"066906,066907,066908 (phy.)",Y,,ok received (7-6-24),,,,,,,,,
311,11-6-2024,Ravi Sir,Durga Electronics Patni Saharanpur,Y,Y,Y,"896913,896914 (phy.)",Y,,ok received (11-6-24),,,,,,,,,
312,11-6-2024,Ravi Sir,Shakumbhari Electricals Pather Saharanpur,Y,Y,Y,"000001,000002 (phy.)",Y,,ok received (11-6-24),,,,,,,,,
313,25-6-2024,Prem Sir,Dikshi Inverter & Batteries Badshahpur,Y,Y,Y,382977,N,,ok Received (30-6-24),,,,,,,,,
314,9-7-2024,Sameer Sir,M/S Laxmi Electronics Fatehpur,Y,Y,Y,"000199, 000200, 000201 (phy.)",N,,ok received (9-7-24),,,,,,,,,
315,11-7-2024,Ravinder Sir,S.K Solar System Hansi,Y,N,Y,"000163,000164,000165 (phy)",N,,ok received (11-7-24),,,,Party closed,,,,,
316,12-7-2024,Ravinder Sir,M/S. Dhruv Solar System Meham,Y,Y,After 1 Week,,N,,,,,,Party closed,,,,,
317,15-7-2024,Sameer Sir,M/S R.J. Enterprises Ajgain Unnao,Y,Y,Y,"825804, 825805, 825806(phy.)",N,,,,,,,,,,,
318,16-7-2024,Ravi Sir,Simran Battery Saharanpur,Y,Y,Y,"028173,028174,028175 (phy.)",Y,,ok received (16-7-24),,,,,,,,,
319,17-7-2024,Rambir Sir,Vishvakarma Auto Electric Works Barwala,N,N,N,N,N,,,,,,,,,,,
320,26-7-2024,Manoj Sir Meerut,M/S R K Electricals Rudrapur,Y,Y,Y,"123138,123139,123140(phy.)",Y,,ok received (4-9-24),,,,,,,,,
321,30-7-2024,Ravi Sir,Aryan Solar Panel Nakur,Y,Y,Y,"345915,345916 (phy.)",Y,,ok received ( 30-7-24),,,,,,,,,
322,9-8-2024,Salman Sir,Murti Battery Agra,Y,Y,Y,"286478,286479 (phy.)",Y,,ok received (10-8-24),,,,,,,,,
323,12-8-2024,Salman Sir,Ratan Power System Firozabad,Y,Y,Y,"101581,101580 (phy.)",Y,,ok received (12-8-24),,,,,,,,,
324,21-8-2024,Arun Sir,Shiv Battery House Birohar,Y,Y,Y,"495377,495376 (phy)",Y,,ok received (7-11-24),,,,,,,,,
325,26-8-2024,Manoj Sir Meerut,Ganpati Traders Meerut,Y,Y,Y,"000009,000010,000011 (phy.)",Y,,ok received (4-9-24),,,,,,,,,
326,29-8-2024,Sameer Sir,Modi Traders Jhansi,Y,Y,Y,"000416,000417,000418 (phy.)",N,,ok received,,,,aa jai ge(31.8.24),,,,,
327,,,"NK Electronics,Kanpur",Y,Y,Y,,,,,,,,,,,,,
328,29-8-2024,Salman Sir,M/S Sun Light Batteries Mathura,Y,Y,Y,"939430,939431(phy.)",Y,,ok received (4-9-24),,,,monday ko courrior (31.8.24),,,,,
329,,Prince Sir,shri gopal ji solar energy Bijnor,,,Y,"558708, 558707,558706(phy.)",Y,,ok received (4-9-24),,,,,,,,,
330,11-9-2024,Ravi Sir,Classic Electronic Saharanpur,Y,Y,Y,"525693, 525694(phy.)",Y,,ok received(11-9-24),,,,,,,,,
331,12-9-2024,Ravi Sir,Shree Guru Nanak Electronics Pilakhni Saharanpur,Y,Y,Y,"778812,778813, (phy)",Y,,ok recevied (26-9-24),,,,,,,,,
332,,Ravinder Sir,malik battery house uchana,,,Y,"035926,(phy.)",Y,,,,,,,,,,,
333,,Ravinder sir,krishna electronics jind,Y,Y,Y,"056200,056201(phy.)",Y,,,,,,,,,,,
334,,Kaushal Sir,shivam auto electric firozpur jhirka,,,,"185721,185720,185722,185724,
185726,185727,185725,185719,
307285,307286,307287(phy.)",,,,,,,,,,,,
335,,Akash sir,Aasif battery bulandsher,,,Y,"137311,137312 (phy.)",,,,,,,,,,,,
336,,Sachin Sir,Ganga Electrical Saharanpur ,Y,Y,Y,"762725,762724 (phy.)",,,,,,,,,,,,
337,,Ravi Sir,Sar Power Solution Saharanpur ,Y,Y,Y,"823299,823298,823297 (phy.)",,,,,,,,,,,,
338,,Service Centre,Shri Bala Ji Elc. Dhampur,Y,Y,Y,"219271, 219272,219273 (phy.)",,,,,,,,,,,,
339,21-9-2024,Ravi Sir,Hitoxa Enterprises Gangoh,Y,Y,Y,"501825,501826,(phy)",Y,,ok received (26-9-24),,,,,,,,,
340,23-9-2024,Prince Sir,KGN Enterprises Joya Amroha ,Y,Y,Y,"000010,000011,000012 (phy.)",Y,,ok received (21-10-24),,,,,,,,,
341,26-9-2024,sanjay sir bihar,Shreya enterprises patna,N,N,Y,"000154,000155(phy.)",M,,,,,,,,,,,
343,4-10-2024,Ravi Sir,Chauhan Solar Power System Saharanpur,Y,Y,Y,"000027,000028,000029(phy.)",Y,,ok received (21-10-24),,,,AFTER 2 DAYS,,,,,
344,11-11-2024,Manoj Sir Meerut,Hani Electronics Pilibhit,Y,Y,N,,Y,,,,,,,,,,,
345,11-11-2024,Prem Sir,Krishna Electronics Hodal,Y,Y,Y,211123,y,,ok recived (7-4-25),,,,,,,,,
346,14-11-2024,Jagat Sir,Prem Power Solution  Hathin,Y,Y,Y,"000012,000013,000014,000015",,,ok recived (25-4-25),,,,,,,,,
347,14-11-2024,Prem Sir,Sahun Inverter Battery Punhana,Y,Y,Y,"030732,030733",,,,,,,,,,,,
348,25-11-2024,Sameer saxena,New Mansoori Battery Kanpur,Y,N,Y,"631645, 631946,631947",,,,,,,,,,,,
349,25-11-2024,Manoj Sir Meerut,King Ent Pilibhit,Y,Y,N,,Y,,,,,,,,,,,
350,30-11-2024,Sameer Saxena Sir,Chand Electonics Kanpur,Y,Y,Y,904084,N,,Ok received (29-1-25),,,,,,,,,
351,30-12-2024,Ravi Sir,Nihal Traders Nanauta Saharanpur (13-1),Y,Y,Y,"753976,753977,753000",Y,,,,,,,,,,,
352,31-12-2024,Manoj Sir Meerut,Maha Shakti Battery Shahjahanpur (15-1),Y,Y,Y,"000373,000374,000375",Y,,ok recived (25-4-25),,,,,,,,,
353,6-1-2025,Neeraj Sir,Haseen Battery Meerut,Y,Y,Y,"000077,000078,000079",Y,,ok recived (7-4-25),,,,,,,,,
354,9-1-2025,Ravi Sir,Acme Electronics Saharanpur,Y,Y,Y,"095279,095280,095281",Y,,,,,,,,,,,
355,10-1-2025,Ravinder Sir,Kamla Battery And Service Bhadra Hanumangarh,Y,Y,Y,"000001,000328,000329",N,,,,000328 Chq bank m lagya 3-10-25 ku ,,,,,,,
356,18-1-2025,Salman Sir,Chauhan Battery House Mainpuri,Y,Y,Y,"000018,000019,000020",Y,,Ok received (1-2-25),,,,,,,,,
357,24-1-2025,Sanjay Yadav Sir,Mishra Electronics Hathras,Y,Y,Y,"251065,251066,251067",Y,,ok recived (12-5-25),,,,,,,,,
358,30-1-2025,Nagendra Kumar ,Yashraj Electricals & Electronics Sasaram,Y,Y,Y,"000329, 000328, 000330,000331,000332, 000321,00322,000323",Y,,chq rec23-6-25,,,,,,,,,
359,30-1-2025,Manoj Sir Meerut,M/S Kapoor Traders Meerut,Y,N,N,,Y,,ok recived (25-4-25),,,,,,,,,
360,31-1-2025,Jagat Sir,Shiva Enterprises Palwal,Y,Y,Y,"019092,019093",N,,Ok recived (24-2-25),,,,,,,,,
361,3-2-2025,Kaushal Sir,Ashoka Industries Patna (C & F),Y,Y,Y,"005722,005723,005724, 005725",Y,,ok recived (18-3-25),,,,,,,,,
362,10-2-2025,Nagendra Kumar ,Bablu Ent Raniganj Gaya Bihar,Y,Y,Y,"463855, 463890, 463891",Y,,ok recived (18-3-25),,,,,,,,,
363,11-2-2025,Sameer sir,Shanu Electronic Farrukhabad,Y,Y,Y,"122483,   122482,  122480",,,chq rec 14-6-25,,,,,,,,,
364,13-2-2025,Prince Sir,Chunni Lal Auto Electric Works Amroha,Y,Y,N,,Y,,,,,,,,,,,
365,13-2-2025,Nagendra Kumar ,M/S Yashoda Enterprises Buxar,Y,Y,Y,755404,Y,,(ok recived (18-3-25) sec chq rec 23-6-25,,,,,,,,,
366,4-3-2025,Arun Sir,Akash Enterprises Mahendergarh,Y,Y,Y,"774557,774558",Y,,ok recived  (11-3-25),,,,,,,,,
367,7-3-2025,Nagendra Kumar ,Shri Balajee Electronics Rafiganj,Y,Y,Y,"354038,354039",Y,,ok recived (18-3-25) sec chq rec 23-6-25), ,,,,,,,,
368,7-3-2025,Ravinder Sir,Pahwa Battery Service Hanumangarh,Y,Y,Y,"000016,000017",N,,,,,,,,,,,
369,8-3-2025,Prince Sir,Vakeel Battery Parts Najibabad Bijnor,Y,Y,N,,Y,,,,,,,,,,,
370,10-3-2025,Manoj Sir Meerut,Moradabad Electronics Moradabad,Y,Y,N,,Y,,ok recived (25-4-25),,,,,,,,,
371,11-3-2025,Nagendra Kumar ,Champaran Battery Bettiah,Y,Y,Y,"837476,  837477",Y,,ok recived (18-3-25)sec chq rec 23-6-25,,,,,,,,,
372,26-2-2025,Sanjay Sir,"M/S Pandey Battery House & Electricals
Etah",,,,,,,,,,,,,,,,
373,14-2-2025,Sanjay Sir,Pappu Enterprises Kasganj,,,,,,,,,,,,,,,,
374,27-3-2025,Prem Sir,Shree Jee Agency Gurugram,Y,Y,y,12,Y,,ok recived (7-4-25),,,,,,,,,
376,16-4-2025,Manoj Sir Meerut,M/S Sabri Kadri Batteries Shahjahanpur,Y,Y,Y,"035512,035513,035514",Y,,ok recived(25-4-25),,,,,,,,,
377,24-4-2025,Manoj Sir Meerut,Laa Garden Electronics System Saharanpur,Y,Y,Y,"760066, 760067",Y,,ok recived (6-7-25),,,,,,,,,
378,30-4-2025,Sameer Sir,Shri Shankar Battery Etawah,Y,Y,Y,"260830,  260829, 260828",Y,,ok recived (12-5-25) Chq rec 30-6-25,,,,,,,,,
379,9-5-2025,Salman Sir,M/S Shubh Battery House Mathura,Y,Y,Y,"000336,000337,000338",Y,,ok recived (2-8-25),,,,,,,,,
380,13-5-2025,Nagendra Kumar ,Gupta Corporation Motihari,Y,Y,Y,789775,Y,,,,,,,,,,,
381,21-5-2025,Nagendra Kumar ,New Gupta Battery House Ghorashan Champaran,Y,Y,Y,"794057,794058",Y,,,,,,,,,,,
382,23-5-2025,Manoj Sir Meerut,Taj Enterprises Pvt Ltd Pilibhit,Y,Y,Y,"269479,    269480, 269481",Y,,ok recived (6-7-25),,,,,,,,,
383,11-6-2025,Sachin Sir,Sagar Battery House Thanabhawan,Y,Y,Y,"006731 ,  006730  ,006729",Y,,,,,,,,,,,
384,23-6-25,Salman Sir,Jhilmil Elect And Inv Battery House Mainpuri,Y,Y,Y,"134579,  134580, 134581",Y,,ok recived (30-8-25),,,,,,,,,
385,25-6-25,sameer sir,Dev Battery Etawah,Y,Y,N,,N,,,,,,,,,,,
386,11/7/2025,Manoj Sir Meerut,vaishno Home Appliances,Y,Y,Y,"844835,  844836,  844837",Y,,,,,,,,,,,
387,30-7-25,Nagendra Kumar ,Puja Auto Electric And Battery,Y,Y,N,,Y,,,,,,,,,,,
388,20-8-25,Manoj Sir Meerut,M/S Shri Ram Traders,Y,Y,Y,"439130, 439131,439132",Y,,Ok recived (19-9-25),,,,,,,,,
389,9-3-2025,Arun Sir,Mukesh Traders,Y,Y,Y,"000190,  000191",Y,,,,,,,,,,,
390,9-1-2025,Sameer Sir,T.T Electronic Ghatampur,Y,Y,,,N,,,,,,,,,,,
391,9-12-2025,Ravinder Sir,Kajla Solar,Y,Y,Y,"056312,",Y,,,,,,,,,,,
392,13-9-25,Manoj Sir Meerut,B Asha Solar Solution,Y,Y,Y,"000029,  000030,   000028",Y,,,,,,,,,,,
393,23-9-25,Ravinder Sir,Guru kirpa  Traders,Y,Y,Y,"000017 , 000016",N,,,,,,,,,,,
394,26-9-25,Sachin Sir,M/S Shiv Enterprises Shamli,y,y,y,"000543, 000542, 000541",y,,,,,,,,,,,
395,1-10-25,Kaushal Sir,Laj Enterprises Tohana,Y,Y,N,,N,,,,,,,,,,,
396,10-11-2025,Jagat Sir,Saad Elect Work Mewat,Y,Y,N,,N,,,,,,,,,,,
397,27-1-2026,Nagender Sir,Aryan Power Solution,Y,Y,Y,"231156 , 231155",N,,,,,,,,,,,
398,29-1-2026,Sameer Sir,New Danish Battery & Parts,Y,Y,N,,N,,,,,,,,,,,
399,3-11-2025,Sameer Sir,TT Electronic Ghatampur,Y,N,N,,Y,,,,,,,,,,,
400,29-1-2026,Manish Sir,Solwave Renewable Energy Solution,Y,Y,N,,Y,,,,,,,,,,,
401,11-2-2026,Mohd Yamin Khan,M/S Prince Auto Parts ,Y,Y,N,,Y,,,,,,,,,,,
402,17-2-2026,Manoj Sir Meerut,Guruvansh Traders ,Y,Y,Y,,Y,,,,,,,,,,,
403,3-2-2026,Chander Sir ,Thakur Electronics Enterprises Malout,Y,Y,Y,,Y,,,,,,,,,,,
404,10-3-2026,Mohd Yamin Khan,M/S Venus Auto Electric Works ,N,N,Y,,Y,,,,,,,,,,,
405,20-3-2026,Nagender Sir,Maa Bhawani Automobile  Lakhisarai ,Y,Y,Y,,Y ,,,,,,,,,,,
406,1-4-2026,Neeraj Sir ,Darsh Enterprises Hapur ,Y,Y,Y,,Y,,,,,,,,,,,
407,4-4-2026,Prince Sir,Sambhal Battery House ,Y,Y,Y,,Y,,,,,,,,,,,
408,5-4-2026,Mohd Yamin Sir ,M/S Chand Electronics ,Y,Y,Y,,Y,,,,,,,,,,,
409,6-4-2026,Mohd Yamin Sir ,Anaya Enterprises Aligarh,Y,Y,Y,,Y,,,,,,,,,,,
,,,,,,,,,,,,,,,,,,,
,,,,,,,,,,,,,,,,,,,
,,,,,,,,,,,,,,,,,,,
,,,,,,,,,,,,,,,,,,,
,,,,,,,,,,,,,,,,,,,
,,,,,,,,,,,,,,,,,,,
,,,,,,,,,,,,,,,,,,,
,,,,,,,,,,,,,,,,,,,
,,,,,,,,,,,,,,,,,,,
,,,,,,,,,,,,,,,,,,,
,,,,,,,,,,,,,,,,,,,
,,,,,,,,,,,,,,,,,,,
,,,,,,,,,,,,,,,,,,,
,,,,,,,,,,,,,,,,,,,
,,,,,,,,,,,,,,,,,,,
,,,,,,,,,,,,,,,,,,,
,,,,,,,,,,,,,,,,,,,
,,,,,,,,,,,,,,,,,,,
,,,,,,,,,,,,,,,,,,,
,,,,,,,,,,,,,,,,,,,
,,,,,,,,,,,,,,,,,,,
,,,,,,,,,,,,,,,,,,,
,,,,,,,,,,,,,,,,,,,
,,,,,,,,,,,,,,,,,,,
,,,,,,,,,,,,,,,,,,,
,,,,,,,,,,,,,,,,,,,
,,,,,,,,,,,,,,,,,,,
,,,,,,,,,,,,,,,,,,,
,,,,,,,,,,,,,,,,,,,
,,,,,,,,,,,,,,,,,,,
,,,,,,,,,,,,,,,,,,,
,,,,,,,,,,,,,,,,,,,
,,,,,,,,,,,,,,,,,,,
,,,,,,,,,,,,,,,,,,,
,,,,,,,,,,,,,,,,,,,
,,,,,,,,,,,,,,,,,,,
,,,,,,,,,,,,,,,,,,,
,,,,,,,,,,,,,,,,,,,
,,,,,,,,,,,,,,,,,,,
,,,,,,,,,,,,,,,,,,,
,,,,,,,,,,,,,,,,,,,
,,,,,,,,,,,,,,,,,,,
,,,,,,,,,,,,,,,,,,,
,,,,,,,,,,,,,,,,,,,
,,,,,,,,,,,,,,,,,,,
,,,,,,,,,,,,,,,,,,,
,,,,,,,,,,,,,,,,,,,
,,,,,,,,,,,,,,,,,,,
,,,,,,,,,,,,,,,,,,,
,,,,,,,,,,,,,,,,,,,
,,,,,,,,,,,,,,,,,,,
,,,,,,,,,,,,,,,,,,,
,,,,,,,,,,,,,,,,,,,
,,,,,,,,,,,,,,,,,,,
,,,,,,,,,,,,,,,,,,,
,,,,,,,,,,,,,,,,,,,
,,,,,,,,,,,,,,,,,,,
,,,,,,,,,,,,,,,,,,,
,,,Sandeep Gohana,,,,,,,,,,,,,,,,
,,,,,,,,,,,,,,,,,,,
,,,Gaurav Kanina,,,,,,,,,,,,,,,,
,,,Rotex,,,,,,,,,,,,,,,,
,,,Aalampuria Tosham ,,,,,,,,,,,,,,,,
,,,S K Elc. Bawal,,,,,,,,,,,,,,,,
,,,Sahil Battery Akoda,,,,,,,,,,,,,,,,
,,,Allied Hansi,,,,,,,,,,,,,,,,
,,,Mahadev Pundri,,,,,,,,,,,,,,,,
,,,Aman Sohna,,,,,,,,,,,,,,,,
,,,Shree Shyam Kosli,,,,,,,,,,,,,,,,
,,,Shri Balaji Jhohjhu,,,,,,,,,,,,,,,,
,,,Sombir Dighla,,,,,,,,,,,,,,,,
,,,Kunj Chhahar,,,,,,,,,,,,,,,,
,,,Kamboj Abubshahr,,,,,,,,,,,,,,,,
,,,Shree ShyamJi Battry dharuhera,,,,,,,,,,,,,,,,
,,,Jai Mata Di Trading Dadri,,,,,,,,,,,,,,,,
,,,Jass Auto Ratera,,,,,,,,,,,,,,,,
,,,S.S bhiwani,,,,,,,,,,,,,,,,
,,,Dev Elc. Bawal,,,,,,,,,,,,,,,,
,,,Kartik Rewari,,,,,,,,,,,,,,,,
,,,Kanak Elc. Gudyani,,,,,,,,,,,,,,,,
,,,S K Bawal Kosli,,,,,,,,,,,,,,,,
,,,Vikas Traders Berli,,,,,,,,,,,,,,,,
,,,Preet R O Rania,,,,,,,,,,,,,,,,
,,,Shree Shyam Battery House Rewari,,,,,,,,,,,,,,,,
,,,Pankaj Power Kohri,,,,,,,,,,,,,,,,
,,,M K Satnali,,,,,,,,,,,,,,,,
,,,Shree Shyam Powr Kosli,,,,,,,,,,,,,,,,
,,,Komal Elc Jind,,,,,,,,,,,,,,,,
,,,Shree Ganesh Elc. Uchana,,,,,,,,,,,,,,,,
,,,Aggarwal Auto Kama,,,,,,,,,,,,,,,,
,,,Saini Agencies Tijara,,,,,,,,,,,,,,,,
,,,Sharma Tyare & Parts Kathumar,,,,,,,,,,,,,,,,
,,,Taneja Elc. Bharatpur,,,,,,,,,,,,,,,,
,,,Dhawan Elc. Chilkana,,,,,,,,,,,,,,,,
,,,Suraj Alwar,,,,,,,,,,,,,,,,
,,,Mayank Battery Alwar,,,,,,,,,,,,,,,,
,,,Khan Motor,,,,,,,,,,,,,,,,
,,,Shree Gayatri rajgarh,,,,,,,,,,,,,,,,
,,,Mosam Battery Alwar,,,,,,,,,,,,,,,,
,,,Matheshwari Elc. Thanagaji,,,,,,,,,,,,,,,,
,,,Shree Gurukripa Rajgarh,,,,,,,,,,,,,,,,
,,,Gaurav Behror,,,,,,,,,,,,,,,,
,,,Arshad,,,,,,,,,,,,,,,,
,,,Ram Batteries Modinagar,,,,,,,,,,,,,,,,
,,,Yash Ent. Daurala,,,,,,,,,,,,,,,,
,,,S.K Light Bijnor,,,,,,,,,,,,,,,,
,,,Yash Sharma Muzz,,,,,,,,,,,,,,,,
,,,D.K Kankarkhera,,,,,,,,,,,,,,,,
,,,Krishna Elc. Modinagar,,,,,,,,,,,,,,,,
,,,S.K Batteries Rohta,,,,,,,,,,,,,,,,
,,,Tiger Bijnor,,,,,,,,,,,,,,,,
,,,Bansal Ass.Ramraj,,,,,,,,,,,,,,,,
,,,Veer Trading Com. Muzz,,,,,,,,,,,,,,,,
,,,Kanika Elc. Saharanpur,,,,,,,,,,,,,,,,
,,,Anupam Elc. Saharanpur,,,,,,,,,,,,,,,,
,,,Aqdas Elc. Muzz,,,,,,,,,,,,,,,,
,,,Jagdamba Elc. Muzz,,,,,,,,,,,,,,,,
,,,A.K Elc. Pisawa,,,,,,,,,,,,,,,,
,,,Parkash Elc. Baleni,,,,,,,,,,,,,,,,
,,,S.L Elc. Saharanpur,,,,,,,,,,,,,,,,
,,,Harsh Battery Kankarkhera,,,,,,,,,,,,,,,,
,,,NationaL Battery House Meerut,,,,,,,,,,,,,,,,
,,,National Battery Gulawthi,,,,,,,,,,,,,,,,
,,,Ankur Elc. Rohta,,,,,,,,,,,,,,,,
,,,Universal Elc. Kilaparikchitgarh,,,,,,,,,,,,,,,,
,,,Chaudhary Machinery Store Lallaukheri,,,,,,,,,,,,,,,,
,,,B-Max Battery Hapur,,,,,,,,,,,,,,,,
,,,Shamshi Battery Bijnor,,,,,,,,,,,,,,,,
,,,Jai Durga Siyana,,,,,,,,,,,,,,,,
,,,Diamond Battery Meerut,,,,,,,,,,,,,,,,
,,,Shiv Shnakar Budhana,,,,,,,,,,,,,,,,
,,,Shakumbari Battery Chhutmalpur,,,,,,,,,,,,,,,,
,,,Sahil Battery Jhangirabad,,,,,,,,,,,,,,,,
,,,Shri Sai Battery Chhatari,,,,,,,,,,,,,,,,
,,,Shakumbari Battery Saharanpur,,,,,,,,,,,,,,,,
,,,Swastik Motor Chhapar,,,,,,,,,,,,,,,,
,,,Virk Elc. Pundri,,,,,,,,,,,,,,,,